{
    "E11": 9020.378098802774,
    "V12": 0.052079683531056034,
    "V13": 0.052082995001300654,
    "E22": 9022.419557977591,
    "V21": 0.05209146997595063,
    "V23": 0.05215500727464781,
    "E33": 9021.462158328088,
    "V31": 0.05208925255228954,
    "V32": 0.05214947633622818,
    "G12": 234.83020371929712,
    "G13": 234.61932899591295,
    "G23": 234.93958756057552
}