{
    "E11": 4510.189049401387,
    "V12": 0.052079683531056034,
    "V13": 0.052082995001300654,
    "E22": 4511.2097789887955,
    "V21": 0.05209146997595063,
    "V23": 0.05215500727464781,
    "E33": 4510.731079164044,
    "V31": 0.05208925255228954,
    "V32": 0.05214947633622818,
    "G12": 117.41510185964856,
    "G13": 117.30966449795647,
    "G23": 117.46979378028776
}
