{
    "E11": 1550.5191674059863,
    "V12": 0.4597278051905268,
    "V13": 0.4594435447805685,
    "E22": 1551.2181321661408,
    "V21": 0.4599336834181465,
    "V23": 0.4592598057873336,
    "E33": 1551.7593043306101,
    "V31": 0.4598104930514479,
    "V32": 0.45942084879271294,
    "G12": 5680.631150036509,
    "G13": 5679.696221670871,
    "G23": 5680.163000283324
}