{
    "E11": 209999.99985098827,
    "V12": 0.27000010011720693,
    "V13": 0.2700000419095285,
    "E22": 209999.99985098827,
    "V21": 0.2700000072759578,
    "V23": 0.2699999963620211,
    "E33": 209999.99985098827,
    "V31": 0.26999995940015664,
    "V32": 0.2699999994179234,
    "G12": 82677.16538953024,
    "G13": 82677.16538953024,
    "G23": 82677.16538953024
}