{
    "E11": 1702.3564146022377,
    "V12": 0.022572436378880425,
    "V13": 0.022576361758055316,
    "E22": 1702.6633785365532,
    "V21": 0.02257651025812507,
    "V23": 0.02261441890609239,
    "E33": 1702.505053691791,
    "V31": 0.022578331723600454,
    "V32": 0.02261231590299088,
    "G12": 7.410334696244505,
    "G13": 7.409309513770837,
    "G23": 7.414125470330955
}