{
    "E11": 0.14138849973678588,
    "V12": 0.036215398460626595,
    "V13": 3.964991606153489e-07,
    "E22": 0.14137128591537476,
    "V21": 0.03621099144220352,
    "V23": 3.9635756365896663e-07,
    "E33": 33600.087499999994,
    "V31": 0.09422552956713648,
    "V32": 0.0942033240436517,
    "G12": 0.06217070817947387,
    "G13": 0.07186442613601685,
    "G23": 0.07185410261154174
}