{
    "E11": 33600.087499999994,
    "E22": 0.14137128591537476,
    "E33": 0.14138849973678588,
    "G12": 0.07185410261154174,
    "G13": 0.07186442613601685,
    "G23": 0.06217070817947387,
    "V12": 0.09420335065920019,
    "V13": 0.09422553117936583,
    "V21": 3.9635756365896663e-07,
    "V23": 0.03621098929437478,
    "V31": 3.964991606153489e-07,
    "V32": 0.036215398460626595
}