{
    "E11": 0.1385045327949908,
    "E22": 8860.278525662947,
    "E33": 8856.560685778883,
    "G12": 0.07670118749958121,
    "G13": 0.07670613856158531,
    "G23": 225.88689889998273,
    "V12": 7.859493727796e-07,
    "V13": 7.855379870926757e-07,
    "V21": 0.05027799602923323,
    "V23": 0.0623419391871225,
    "V31": 0.05023059327573491,
    "V32": 0.06231578003791647
}