{
    "E11": 8856.560685778883,
    "V12": 0.06231578003791647,
    "V13": 0.05023059327573491,
    "E22": 8860.278525662947,
    "V21": 0.06234192162678547,
    "V23": 0.05027799602923323,
    "E33": 0.1385045327949908,
    "V31": 7.855387535760241e-07,
    "V32": 7.859490920103204e-07,
    "G12": 225.8868988999827,
    "G13": 0.07670613856158531,
    "G23": 0.07670118749958121
}