{
    "E11": 0.34614164829254146,
    "V12": 0.00042414246127009386,
    "V13": 0.0004241447895765304,
    "E22": 260.4530517578125,
    "V21": 0.3191444128751754,
    "V23": 0.3274568170309067,
    "E33": 260.3171142578125,
    "V31": 0.3189791664481163,
    "V32": 0.327285885810852,
    "G12": 0.1461920142173767,
    "G13": 0.14619265794754027,
    "G23": 220.0479248046875
}