{
    "E11": 245.79719238281248,
    "V12": 0.3410797119140625,
    "V13": 0.34040282666683197,
    "E22": 245.696337890625,
    "V21": 0.3409397703689268,
    "V23": 0.3408628654737134,
    "E33": 245.84841308593747,
    "V31": 0.3404737961433469,
    "V32": 0.34107385102134496,
    "G12": 203.87088623046873,
    "G13": 203.82752685546876,
    "G23": 203.86762695312498
}