{
    "E11": 0.34614164829254146,
    "E22": 260.4530517578125,
    "E33": 260.3171142578125,
    "G12": 0.1461920142173767,
    "G13": 0.14619265794754027,
    "G23": 220.0479248046875,
    "V12": 0.00042414246127009386,
    "V13": 0.0004241447895765304,
    "V21": 0.3191444859721207,
    "V23": 0.3274568170309067,
    "V31": 0.31897966683493323,
    "V32": 0.3272859084515496
}